id,name,slug,type,cost,points,checkin_count,review_count,avg_rating
a3a91b4b-f2f3-4a54-87a0-ea6dc95f14f4,"Cá Koi ao bùn","ca-koi-ao-bun","craft","Miễn phí",150,17,0,N/A
35bafc40-dd20-4299-9ee7-f761e7f4089b,"Rừng phòng hộ","rung-phong-ho","craft","Miễn phí",150,16,0,N/A
5b1ffda5-6234-4b0d-b357-7f0afc66140c,"Làng nhang Lê Minh Xuân","lang-nhang-le-minh-xuan","craft","Miễn phí",180,15,2,5.0
5c0f6b6d-1208-4aaf-9eff-f1d7c6d4f5ed,"Công viên văn hóa Láng Le","cong-vien-van-hoa-lang-le","nature","Miễn phí",200,14,1,5.0
6e186266-7f69-4048-90d7-672c49bbce6f,"Đình Gò Xoài","dinh-go-xoai","temple","Miễn phí",200,13,0,N/A
1a3cfeac-71da-4938-b51e-f8eecf11dea7,"Làng mai vàng","lang-mai-vang","craft","Miễn phí",150,11,0,N/A
6c5f3d96-2663-47a3-99a8-3eb5a54965f2,"Chùa Thanh Tâm","chua-thanh-tam","temple","Miễn phí",180,9,1,5.0
34ba41c4-940a-47c4-924d-62cc2778c512,"Tu viện Kim Cang","tu-vien-kim-cang","temple","Miễn phí",180,1,0,N/A
9b2ea4cf-7dcc-4508-b468-1012a62f2d80,"Vườn dừa Bonsai","vuon-dua-bonsai","craft","Miễn phí",150,1,0,N/A
5360e6d0-cb85-4e72-989d-83cdad840b56,"Vườn dưa lưới","vuon-dua-luoi","craft","Miễn phí",150,1,1,5.0
505ff732-b754-4aaa-a254-d9bfa8f985c0,"World Farm - Thế Giới Nông Trại","world-farm-the-gioi-nong-trai","nature","Miễn phí",150,1,0,N/A
028d1c69-b785-4d8e-ba37-3e94cb0f24f2,"Chùa Pháp Tạng","chua-phap-tang","temple","Miễn phí",150,0,0,N/A
384d8921-278a-4752-90a6-89fdec25d5d9,"Vườn Phong Lan Ngọc Đan Vy","vuon-phong-lan","craft","Miễn phí",150,0,0,N/A