day,total_events,unique_sessions,unique_ips
2026-09-09,336,252,37
2026-09-08,674,361,146
2026-09-07,1851,922,145
2026-09-06,1486,820,164
2026-09-05,10967,5843,1629
2026-09-04,27078,13266,5898
2026-09-03,4262,1964,1103
2026-09-02,12510,6022,2887
2026-09-01,8785,4191,2025
2026-08-31,5343,2633,1426
2026-08-30,8671,4108,2116
2026-08-29,4344,1969,1021
2026-08-28,2127,967,633
2026-08-27,5241,2363,1228
2026-08-26,2064,964,594
2026-08-25,4489,2135,1118
2026-08-24,1761,848,556
2026-08-23,4040,1965,1061
2026-08-22,3632,1475,814
2026-08-21,5623,2648,1392
2026-08-20,1967,919,641
2026-08-19,2747,1232,899
2026-08-18,2263,335,465
2026-08-17,1532,47,223
2026-08-16,694,30,101
2026-08-15,425,34,102
2026-08-14,798,54,115